accuracy,f1_score,precision,recall
0.9239130434782609,0.9239130434782609,0.9239130434782609,0.9239130434782609
0.8804347826086957,0.8804347826086957,0.8804347826086957,0.8804347826086957
0.8586956521739131,0.8586956521739131,0.8586956521739131,0.8586956521739131
0.8586956521739131,0.8586956521739131,0.8586956521739131,0.8586956521739131
0.9130434782608695,0.9130434782608695,0.9130434782608695,0.9130434782608695
